{"cameraMode":{"drawMode":0,"name":"Shaded","section":"Shading Mode"},"sceneLighting":true,"audioPlay":false,"sceneViewState":{"showFog":true,"showMaterialUpdate":false,"showSkybox":true,"showFlares":true,"showImageEffects":true,"showParticleSystems":true},"in2DMode":false,"pivot":{"x":-0.12999993562698365,"y":-4.044958114624023,"z":151.89999389648438},"rotation":{"x":-0.17655032873153687,"y":-0.8204580545425415,"z":0.42122241854667666,"w":-0.3438829481601715},"size":10.587421417236329,"orthographic":false}