{"cameraMode":{"drawMode":0,"name":"Shaded","section":"Shading Mode"},"sceneLighting":true,"audioPlay":false,"sceneViewState":{"showFog":true,"showMaterialUpdate":false,"showSkybox":true,"showFlares":true,"showImageEffects":true,"showParticleSystems":true},"in2DMode":false,"pivot":{"x":-32.05836486816406,"y":-58.854164123535159,"z":314.1985778808594},"rotation":{"x":0.4181000292301178,"y":0.5793931484222412,"z":-0.5288374423980713,"w":0.4580727517604828},"size":185.84783935546876,"orthographic":false}