{"cameraMode":{"drawMode":0,"name":"Shaded","section":"Shading Mode"},"sceneLighting":true,"audioPlay":false,"sceneViewState":{"showFog":true,"showMaterialUpdate":false,"showSkybox":true,"showFlares":true,"showImageEffects":true,"showParticleSystems":true},"in2DMode":false,"pivot":{"x":-47.88824462890625,"y":-46.65118408203125,"z":183.13067626953126},"rotation":{"x":-0.2291383296251297,"y":-0.7588667869567871,"z":0.3468534052371979,"w":-0.5013174414634705},"size":190.00209045410157,"orthographic":false}