{"cameraMode":{"drawMode":0,"name":"Shaded","section":"Shading Mode"},"sceneLighting":false,"audioPlay":false,"sceneViewState":{"showFog":true,"showMaterialUpdate":false,"showSkybox":false,"showFlares":true,"showImageEffects":true,"showParticleSystems":true},"in2DMode":false,"pivot":{"x":-9.151956558227539,"y":4.157501220703125,"z":1.1005730628967286},"rotation":{"x":0.054737478494644168,"y":-0.9293794631958008,"z":0.15361744165420533,"w":0.33115363121032717},"size":19.61067008972168,"orthographic":false}