{"cameraMode":{"drawMode":0,"name":"Shaded","section":"Shading Mode"},"sceneLighting":true,"audioPlay":false,"sceneViewState":{"showFog":true,"showMaterialUpdate":false,"showSkybox":true,"showFlares":true,"showImageEffects":true,"showParticleSystems":true},"in2DMode":false,"pivot":{"x":-35.01263427734375,"y":-27.99657440185547,"z":315.15338134765627},"rotation":{"x":-0.20650625228881837,"y":-0.6227207779884338,"z":0.17517054080963136,"w":-0.7340959310531616},"size":221.9973907470703,"orthographic":false}