{"cameraMode":{"drawMode":0,"name":"Shaded","section":"Shading Mode"},"sceneLighting":true,"audioPlay":false,"sceneViewState":{"showFog":true,"showMaterialUpdate":false,"showSkybox":true,"showFlares":true,"showImageEffects":true,"showParticleSystems":true},"in2DMode":false,"pivot":{"x":49.092628479003909,"y":38.8365592956543,"z":195.43283081054688},"rotation":{"x":-0.16574335098266602,"y":0.6633070707321167,"z":-0.15412674844264985,"w":-0.7133013606071472},"size":53.05097961425781,"orthographic":false}