{"cameraMode":{"drawMode":0,"name":"Shaded","section":"Shading Mode"},"sceneLighting":false,"audioPlay":false,"sceneViewState":{"showFog":true,"showMaterialUpdate":false,"showSkybox":false,"showFlares":true,"showImageEffects":true,"showParticleSystems":true},"in2DMode":false,"pivot":{"x":-38.00579833984375,"y":9.812003135681153,"z":-30.990619659423829},"rotation":{"x":-0.03566495329141617,"y":0.902653694152832,"z":-0.07628509402275086,"w":-0.422071635723114},"size":85.44412994384766,"orthographic":false}