{"cameraMode":{"drawMode":0,"name":"Shaded","section":"Shading Mode"},"sceneLighting":true,"audioPlay":false,"sceneViewState":{"showFog":true,"showMaterialUpdate":false,"showSkybox":true,"showFlares":true,"showImageEffects":true,"showParticleSystems":true},"in2DMode":false,"pivot":{"x":8.545246124267579,"y":-15.647798538208008,"z":-16.2747859954834},"rotation":{"x":0.24175728857517243,"y":0.6560705304145813,"z":-0.2348930686712265,"w":0.6752464771270752},"size":75.1207504272461,"orthographic":false}