{"cameraMode":{"drawMode":0,"name":"Shaded","section":"Shading Mode"},"sceneLighting":true,"audioPlay":false,"sceneViewState":{"showFog":true,"showMaterialUpdate":false,"showSkybox":true,"showFlares":true,"showImageEffects":true,"showParticleSystems":true},"in2DMode":false,"pivot":{"x":295.73681640625,"y":-108.68008422851563,"z":66.33293151855469},"rotation":{"x":0.10481609404087067,"y":0.8085272908210754,"z":-0.15164005756378175,"w":0.5588536858558655},"size":469.35205078125,"orthographic":false}