{"cameraMode":{"drawMode":0,"name":"Shaded","section":"Shading Mode"},"sceneLighting":false,"audioPlay":false,"sceneViewState":{"showFog":true,"showMaterialUpdate":false,"showSkybox":false,"showFlares":true,"showImageEffects":true,"showParticleSystems":true},"in2DMode":false,"pivot":{"x":0.0,"y":3.557000160217285,"z":0.8684999942779541},"rotation":{"x":0.05906881019473076,"y":0.7779475450515747,"z":-0.07397881895303726,"w":0.6211594343185425},"size":1.5734107494354249,"orthographic":false}