{"cameraMode":{"drawMode":0,"name":"Shaded","section":"Shading Mode"},"sceneLighting":false,"audioPlay":false,"sceneViewState":{"showFog":true,"showMaterialUpdate":false,"showSkybox":false,"showFlares":true,"showImageEffects":true,"showParticleSystems":true},"in2DMode":false,"pivot":{"x":-1.5643872022628785,"y":-0.8864235281944275,"z":-1.824276089668274},"rotation":{"x":-0.02589583583176136,"y":0.9714522361755371,"z":-0.12632325291633607,"w":-0.19914747774600984},"size":2.112295389175415,"orthographic":false}