{"cameraMode":{"drawMode":0,"name":"Shaded","section":"Shading Mode"},"sceneLighting":false,"audioPlay":false,"sceneViewState":{"showFog":true,"showMaterialUpdate":false,"showSkybox":false,"showFlares":true,"showImageEffects":true,"showParticleSystems":true},"in2DMode":false,"pivot":{"x":-4.214931488037109,"y":2.72174072265625,"z":-4.399835586547852},"rotation":{"x":0.06973075866699219,"y":0.9302021861076355,"z":-0.24875883758068086,"w":0.26075050234794619},"size":48.698341369628909,"orthographic":false}