{"cameraMode":{"drawMode":0,"name":"Shaded","section":"Shading Mode"},"sceneLighting":true,"audioPlay":false,"sceneViewState":{"showFog":true,"showMaterialUpdate":false,"showSkybox":true,"showFlares":true,"showImageEffects":true,"showParticleSystems":true},"in2DMode":false,"pivot":{"x":1.6035842895507813,"y":-2.03814697265625,"z":13.074356079101563},"rotation":{"x":-0.13347227871418,"y":0.28467845916748049,"z":-0.040062159299850467,"w":-0.9484429955482483},"size":20.583698272705079,"orthographic":false}