{"cameraMode":{"drawMode":0,"name":"Shaded","section":"Shading Mode"},"sceneLighting":true,"audioPlay":false,"sceneViewState":{"showFog":true,"showMaterialUpdate":false,"showSkybox":true,"showFlares":true,"showImageEffects":true,"showParticleSystems":true},"in2DMode":false,"pivot":{"x":-7.63067102432251,"y":0.5780830383300781,"z":12.611202239990235},"rotation":{"x":-0.0746857300400734,"y":0.2288566678762436,"z":-0.01761288195848465,"w":-0.9704340696334839},"size":33.41792297363281,"orthographic":false}