{"cameraMode":{"drawMode":0,"name":"Shaded","section":"Shading Mode"},"sceneLighting":false,"audioPlay":false,"sceneViewState":{"showFog":true,"showMaterialUpdate":false,"showSkybox":false,"showFlares":true,"showImageEffects":true,"showParticleSystems":true},"in2DMode":false,"pivot":{"x":-5.360154151916504,"y":3.97841739654541,"z":-0.37807178497314455},"rotation":{"x":0.06973075866699219,"y":0.9302021861076355,"z":-0.24875883758068086,"w":0.26075050234794619},"size":33.13462448120117,"orthographic":false}