{"cameraMode":{"drawMode":0,"name":"Shaded","section":"Shading Mode"},"sceneLighting":true,"audioPlay":false,"sceneViewState":{"showFog":true,"showMaterialUpdate":false,"showSkybox":true,"showFlares":true,"showImageEffects":true,"showParticleSystems":true},"in2DMode":false,"pivot":{"x":-3.4238691329956056,"y":0.3846527338027954,"z":8.189401626586914},"rotation":{"x":-0.04550870135426521,"y":0.3341318368911743,"z":-0.016154244542121888,"w":-0.941289484500885},"size":12.241260528564454,"orthographic":false}