{"cameraMode":{"drawMode":0,"name":"Shaded","section":"Shading Mode"},"sceneLighting":true,"audioPlay":false,"sceneViewState":{"showFog":true,"showMaterialUpdate":false,"showSkybox":true,"showFlares":true,"showImageEffects":true,"showParticleSystems":true},"in2DMode":false,"pivot":{"x":-0.8063364028930664,"y":0.24270248413085938,"z":-1.017080307006836},"rotation":{"x":-0.07429582625627518,"y":0.9096590876579285,"z":-0.18563787639141084,"w":-0.3640664517879486},"size":8.845063209533692,"orthographic":false}