{"cameraMode":{"drawMode":0,"name":"Shaded","section":"Shading Mode"},"sceneLighting":true,"audioPlay":false,"sceneViewState":{"showFog":true,"showMaterialUpdate":false,"showSkybox":true,"showFlares":true,"showImageEffects":true,"showParticleSystems":true},"in2DMode":false,"pivot":{"x":11.73019027709961,"y":-6.616562843322754,"z":316.8136901855469},"rotation":{"x":0.08810021728277207,"y":0.7562280297279358,"z":-0.10411018878221512,"w":0.6399430632591248},"size":27.926212310791017,"orthographic":false}